Request Date:,10/10/18
Approval Date:,
Start Date (Mon of Week Starting):,3/12/18
Weeks FTE Approved,12
Approx End Date:,30/4/19
Lead Client Name:,Dr Phil Davies
Lead Client Email:,
Lead Client Affiliation, Plant Breeding Institute
Lead Client Position,Senior Lecturer
Alternative Client Name,
Alternative Client Email,
Alternative Client Affiliation,
Alternative Client Position,
SIH project manager,
SIH client manager,
SIH Technical Lead,
SIH Technical/Code Review,
SIH Audit,
SIH Project Team Member 1,
SIH Project Team Member 2,
SIH Project Team Member 3 (add more rows if needed),